{
    "20180630-10:38:00": {
        "Items": {
            "8850006332146": 3,
            "8851228000233": 3
        },
        "Price": {
            "8850006332146": 20.0,
            "8851228000233": 20.0
        },
        "Total Price": 120.0
    },
    "20180630-10:55:44": {
        "Items": {
            "7640129890101": 5,
            "8851228000233": 1
        },
        "Price": {
            "7640129890101": 20.0,
            "8851228000233": 20.0
        },
        "Total Price": 120.0
    },
    "20180630-11:31:59": {
        "Items": {},
        "Price": {},
        "Total Price": 0.0
    },
    "20180630-13:44:02": {
        "Items": {},
        "Price": {},
        "Total Price": 0.0
    },
    "20180630-13:46:30": {
        "Items": {
            "8850006332146": 2
        },
        "Price": {
            "8850006332146": 15.0
        },
        "Total Price": 30.0
    },
    "20180630-13:50:06": {
        "Items": {
            "8850006332146": 1
        },
        "Price": {
            "8850006332146": 15.0
        },
        "Total Price": 15.0
    },
    "20180630-13:53:38": {
        "Items": {
            "8850006332146": 1
        },
        "Price": {
            "8850006332146": 15.0
        },
        "Total Price": 15.0
    },
    "20180630-13:54:22": {
        "Items": {
            "8850006332146": 1
        },
        "Price": {
            "8850006332146": 20.0
        },
        "Total Price": 20.0
    },
    "20180630-14:17:42": {
        "Items": {
            "8850006332146": 1
        },
        "Price": {
            "8850006332146": 15.0
        },
        "Total Price": 15.0
    },
    "20180630-14:18:33": {
        "Items": {
            "8850006332146": 1
        },
        "Price": {
            "8850006332146": 20.0
        },
        "Total Price": 20.0
    },
    "20180630-14:19:10": {
        "Items": {
            "8850006332146": 1
        },
        "Price": {
            "8850006332146": 15.0
        },
        "Total Price": 15.0
    },
    "20180630-14:19:58": {
        "Items": {
            "8850006332146": 1
        },
        "Price": {
            "8850006332146": 15.0
        },
        "Total Price": 15.0
    },
    "20180630-14:20:28": {
        "Items": {
            "8850006332146": 1
        },
        "Price": {
            "8850006332146": 20.0
        },
        "Total Price": 20.0
    },
    "20180630-14:21:00": {
        "Items": {
            "8850006332146": 1
        },
        "Price": {
            "8850006332146": 20.0
        },
        "Total Price": 20.0
    },
    "20180630-14:27:25": {
        "Items": {
            "8850006332146": 1
        },
        "Price": {
            "8850006332146": 15.0
        },
        "Total Price": 15.0
    },
    "20180630-14:27:39": {
        "Items": {
            "8850006332146": 1
        },
        "Price": {
            "8850006332146": 20.0
        },
        "Total Price": 20.0
    },
    "20180630-15:05:26": {
        "Items": {
            "7640129890101": 1,
            "8850006332146": 2,
            "8851228000233": 2,
            "8852086001028": 1
        },
        "Price": {
            "7640129890101": 20.0,
            "8850006332146": 15.0,
            "8851228000233": 20.0,
            "8852086001028": 30.0
        },
        "Total Price": 120.0
    },
    "20180630-19:27:24": {
        "Items": {
            "8850006332146": 2,
            "8851228000233": 2,
            "8852086001028": 1
        },
        "Price": {
            "8850006332146": 15.0,
            "8851228000233": 20.0,
            "8852086001028": 30.0
        },
        "Total Price": 100.0
    },
    "20180630-19:31:16": {
        "Items": {
            "7640129890101": 2,
            "8850006332146": 1,
            "8851228000233": 1,
            "8852086001028": 1
        },
        "Price": {
            "7640129890101": 20.0,
            "8850006332146": 15.0,
            "8851228000233": 20.0,
            "8852086001028": 30.0
        },
        "Total Price": 105.0
    }
}