{
    "20180705-08:58:05": {
        "Items": {
            "0000000000001": 1,
            "8851228000233": 1
        },
        "Price": {
            "0000000000001": 10.0,
            "8851228000233": 20.0
        },
        "Total Price": 30.0
    },
    "20180705-08:59:01": {
        "Items": {
            "8851228000233": 1
        },
        "Price": {
            "8851228000233": 20.0
        },
        "Total Price": 20.0
    },
    "20180705-08:59:52": {
        "Items": {
            "8851228000233": 1
        },
        "Price": {
            "8851228000233": 20.0
        },
        "Total Price": 20.0
    },
    "20180705-09:00:59": {
        "Items": {
            "8852086001028": 1
        },
        "Price": {
            "8852086001028": 30.0
        },
        "Total Price": 30.0
    },
    "20180705-09:12:41": {
        "Items": {},
        "Price": {},
        "Total Price": 0
    },
    "20180705-09:12:45": {
        "Items": {},
        "Price": {},
        "Total Price": 0
    },
    "20180705-09:15:25": {
        "Items": {
            "8851228000233": 1,
            "8852086001028": 1
        },
        "Price": {
            "8851228000233": 20.0,
            "8852086001028": 30.0
        },
        "Total Price": 50.0
    },
    "20180705-09:22:02": {
        "Items": {
            "7640129890101": 1,
            "8851228000233": 3,
            "8852086001028": 1
        },
        "Price": {
            "7640129890101": 20.0,
            "8851228000233": 20.0,
            "8852086001028": 30.0
        },
        "Total Price": 110.0
    },
    "20180705-09:22:45": {
        "Items": {
            "7640129890101": 2,
            "8850006332146": 1,
            "8852086001028": 1
        },
        "Price": {
            "7640129890101": 20.0,
            "8850006332146": 20.0,
            "8852086001028": 30.0
        },
        "Total Price": 90.0
    },
    "20180705-09:32:02": {
        "Items": {
            "8851228000233": 1,
            "8852086001028": 1
        },
        "Price": {
            "8851228000233": 20.0,
            "8852086001028": 30.0
        },
        "Total Price": 50.0
    },
    "20180705-09:33:28": {
        "Items": {
            "0000000000001": 1,
            "7640129890101": 1,
            "8851228000233": 1
        },
        "Price": {
            "0000000000001": 10.0,
            "7640129890101": 20.0,
            "8851228000233": 20.0
        },
        "Total Price": 50.0
    },
    "20180705-09:35:38": {
        "Items": {
            "0000000000001": 1,
            "7640129890101": 1,
            "8850006332146": 1,
            "8851228000233": 1,
            "8852086001028": 1
        },
        "Price": {
            "0000000000001": 10.0,
            "7640129890101": 20.0,
            "8850006332146": 20.0,
            "8851228000233": 20.0,
            "8852086001028": 30.0
        },
        "Total Price": 100.0
    },
    "20180705-09:50:06": {
        "Items": {
            "8851228000233": 1
        },
        "Price": {
            "8851228000233": 20.0
        },
        "Total Price": 20.0
    },
    "20180705-11:06:05": {
        "Items": {
            "8851228000233": 1,
            "8852086001028": 1
        },
        "Price": {
            "8851228000233": 20.0,
            "8852086001028": 30.0
        },
        "Total Price": 50.0
    },
    "20180705-11:54:24": {
        "Items": {
            "8851228000233": 1
        },
        "Price": {
            "8851228000233": 20.0
        },
        "Total Price": 20.0
    },
    "20180705-14:48:03": {
        "Items": {
            "8851228000233": 2
        },
        "Price": {
            "8851228000233": 20.0
        },
        "Total Price": 40.0
    }
}