{
    "20180702-08:39:16": {
        "Items": {
            "8850006332146": 1
        },
        "Price": {
            "8850006332146": 15.0
        },
        "Total Price": 15.0
    },
    "20180702-08:39:33": {
        "Items": {
            "8850006332146": 1
        },
        "Price": {
            "8850006332146": 20.0
        },
        "Total Price": 20.0
    },
    "20180702-08:39:52": {
        "Items": {
            "8850006332146": 1
        },
        "Price": {
            "8850006332146": 15.0
        },
        "Total Price": 15.0
    },
    "20180702-08:40:04": {
        "Items": {
            "8850006332146": 1
        },
        "Price": {
            "8850006332146": 20.0
        },
        "Total Price": 20.0
    },
    "20180702-08:53:28": {
        "Items": {
            "8851228000233": 2
        },
        "Price": {
            "8851228000233": 20.0
        },
        "Total Price": 40.0
    },
    "20180702-08:53:36": {
        "Items": {
            "8850006332146": 2,
            "8852086001028": 1
        },
        "Price": {
            "8850006332146": 20.0,
            "8852086001028": 30.0
        },
        "Total Price": 70.0
    },
    "20180702-11:51:00": {
        "Items": {
            "0000000000001": 3,
            "8851228000233": 5
        },
        "Price": {
            "0000000000001": 10.0,
            "8851228000233": 20.0
        },
        "Total Price": 130.0
    },
    "20180702-12:36:22": {
        "Items": {
            "8850006332146": 2
        },
        "Price": {
            "8850006332146": 20.0
        },
        "Total Price": 40.0
    },
    "20180702-12:37:16": {
        "Items": {
            "0000000000001": 3,
            "7640129890101": 1,
            "8850006332146": 1,
            "8851228000233": 1,
            "8852086001028": 1
        },
        "Price": {
            "0000000000001": 10.0,
            "7640129890101": 20.0,
            "8850006332146": 20.0,
            "8851228000233": 20.0,
            "8852086001028": 30.0
        },
        "Total Price": 120.0
    },
    "20180702-12:41:54": {
        "Items": {
            "8851228000233": 1,
            "8852086001028": 1
        },
        "Price": {
            "8851228000233": 20.0,
            "8852086001028": 30.0
        },
        "Total Price": 50.0
    },
    "20180702-12:44:37": {
        "Items": {},
        "Price": {},
        "Total Price": 0
    },
    "20180702-12:44:40": {
        "Items": {
            "8850006332146": 2,
            "8851228000233": 3
        },
        "Price": {
            "8850006332146": 20.0,
            "8851228000233": 20.0
        },
        "Total Price": 100.0
    },
    "20180702-12:50:58": {
        "Items": {
            "7640129890101": 10,
            "8851228000233": 2,
            "8852086001028": 1
        },
        "Price": {
            "7640129890101": 20.0,
            "8851228000233": 20.0,
            "8852086001028": 30.0
        },
        "Total Price": 270.0
    },
    "20180702-13:03:15": {
        "Items": {
            "7640129890101": 2,
            "8850006332146": 1,
            "8851228000233": 1
        },
        "Price": {
            "7640129890101": 20.0,
            "8850006332146": 20.0,
            "8851228000233": 20.0
        },
        "Total Price": 80.0
    },
    "20180702-16:23:11": {
        "Items": {
            "8851228000233": 2
        },
        "Price": {
            "8851228000233": 20.0
        },
        "Total Price": 40.0
    },
    "20180702-17:31:37": {
        "Items": {},
        "Price": {},
        "Total Price": 0
    }
}