{
    "20180703-09:37:15": {
        "Items": {
            "0000000000001": 1,
            "8851228000233": 1
        },
        "Price": {
            "0000000000001": 10.0,
            "8851228000233": 20.0
        },
        "Total Price": 30.0
    },
    "20180703-09:39:07": {
        "Items": {
            "8852086001028": 2
        },
        "Price": {
            "8852086001028": 30.0
        },
        "Total Price": 60.0
    },
    "20180703-09:42:30": {
        "Items": {
            "0000000000001": 1,
            "8851228000233": 1,
            "8852086001028": 1
        },
        "Price": {
            "0000000000001": 10.0,
            "8851228000233": 20.0,
            "8852086001028": 30.0
        },
        "Total Price": 60.0
    },
    "20180703-14:32:10": {
        "Items": {
            "7640129890101": 1
        },
        "Price": {
            "7640129890101": 20.0
        },
        "Total Price": 20.0
    },
    "20180703-15:08:34": {
        "Items": {
            "0000000000001": 1,
            "8851228000233": 1
        },
        "Price": {
            "0000000000001": 10.0,
            "8851228000233": 20.0
        },
        "Total Price": 30.0
    },
    "20180703-15:10:34": {
        "Items": {
            "8851228000233": 1,
            "8852086001028": 1
        },
        "Price": {
            "8851228000233": 20.0,
            "8852086001028": 30.0
        },
        "Total Price": 50.0
    },
    "20180703-15:21:02": {
        "Items": {
            "8851228000233": 1
        },
        "Price": {
            "8851228000233": 20.0
        },
        "Total Price": 20.0
    },
    "20180703-15:54:37": {
        "Items": {
            "8851228000233": 1,
            "8852086001028": 1
        },
        "Price": {
            "8851228000233": 20.0,
            "8852086001028": 30.0
        },
        "Total Price": 50.0
    },
    "20180703-15:59:11": {
        "Items": {
            "7640129890101": 1,
            "8851228000233": 1,
            "8852086001028": 1
        },
        "Price": {
            "7640129890101": 20.0,
            "8851228000233": 20.0,
            "8852086001028": 30.0
        },
        "Total Price": 70.0
    },
    "20180703-16:01:31": {
        "Items": {
            "0000000000001": 1,
            "8851228000233": 1,
            "8852086001028": 1
        },
        "Price": {
            "0000000000001": 10.0,
            "8851228000233": 20.0,
            "8852086001028": 30.0
        },
        "Total Price": 60.0
    },
    "20180703-16:01:54": {
        "Items": {
            "8851228000233": 1,
            "8852086001028": 1
        },
        "Price": {
            "8851228000233": 20.0,
            "8852086001028": 30.0
        },
        "Total Price": 50.0
    },
    "20180703-16:28:07": {
        "Items": {
            "8851228000233": 1,
            "8852086001028": 1
        },
        "Price": {
            "8851228000233": 20.0,
            "8852086001028": 30.0
        },
        "Total Price": 50.0
    },
    "20180703-16:28:46": {
        "Items": {
            "8851228000233": 1
        },
        "Price": {
            "8851228000233": 20.0
        },
        "Total Price": 20.0
    },
    "20180703-16:30:02": {
        "Items": {
            "8851228000233": 1
        },
        "Price": {
            "8851228000233": 20.0
        },
        "Total Price": 20.0
    },
    "20180703-17:06:38": {
        "Items": {
            "8851228000233": 1
        },
        "Price": {
            "8851228000233": 20.0
        },
        "Total Price": 20.0
    },
    "20180703-17:08:15": {
        "Items": {
            "8851228000233": 1
        },
        "Price": {
            "8851228000233": 20.0
        },
        "Total Price": 20.0
    },
    "20180703-17:09:42": {
        "Items": {
            "8851228000233": 1
        },
        "Price": {
            "8851228000233": 20.0
        },
        "Total Price": 20.0
    },
    "20180703-17:10:48": {
        "Items": {
            "8851228000233": 1
        },
        "Price": {
            "8851228000233": 20.0
        },
        "Total Price": 20.0
    },
    "20180703-17:12:29": {
        "Items": {
            "8851228000233": 1
        },
        "Price": {
            "8851228000233": 20.0
        },
        "Total Price": 20.0
    },
    "20180703-17:19:55": {
        "Items": {
            "0000000000001": 1,
            "8851228000233": 2
        },
        "Price": {
            "0000000000001": 10.0,
            "8851228000233": 20.0
        },
        "Total Price": 50.0
    },
    "20180703-17:20:21": {
        "Items": {
            "0000000000001": 1
        },
        "Price": {
            "0000000000001": 10.0
        },
        "Total Price": 10.0
    },
    "20180703-17:21:12": {
        "Items": {
            "8851228000233": 1
        },
        "Price": {
            "8851228000233": 20.0
        },
        "Total Price": 20.0
    },
    "20180703-17:21:33": {
        "Items": {
            "8852086001028": 1
        },
        "Price": {
            "8852086001028": 30.0
        },
        "Total Price": 30.0
    },
    "20180703-19:49:10": {
        "Items": {
            "8851228000233": 1
        },
        "Price": {
            "8851228000233": 20.0
        },
        "Total Price": 20.0
    },
    "20180703-19:51:27": {
        "Items": {
            "0000000000001": 1,
            "7640129890101": 1,
            "8850006332146": 1,
            "8851228000233": 2,
            "8852086001028": 1
        },
        "Price": {
            "0000000000001": 10.0,
            "7640129890101": 20.0,
            "8850006332146": 20.0,
            "8851228000233": 20.0,
            "8852086001028": 30.0
        },
        "Total Price": 120.0
    },
    "20180703-19:51:35": {
        "Items": {},
        "Price": {},
        "Total Price": 0
    },
    "20180703-19:51:40": {
        "Items": {
            "8851228000233": 1
        },
        "Price": {
            "8851228000233": 20.0
        },
        "Total Price": 20.0
    },
    "20180703-19:52:13": {
        "Items": {
            "0000000000001": 1,
            "7640129890101": 1,
            "8850006332146": 1,
            "8851228000233": 1,
            "8852086001028": 2
        },
        "Price": {
            "0000000000001": 10.0,
            "7640129890101": 20.0,
            "8850006332146": 20.0,
            "8851228000233": 20.0,
            "8852086001028": 30.0
        },
        "Total Price": 130.0
    },
    "20180703-19:52:28": {
        "Items": {
            "0000000000001": 1,
            "7640129890101": 1,
            "8850006332146": 1,
            "8851228000233": 1,
            "8852086001028": 1
        },
        "Price": {
            "0000000000001": 10.0,
            "7640129890101": 20.0,
            "8850006332146": 20.0,
            "8851228000233": 20.0,
            "8852086001028": 30.0
        },
        "Total Price": 100.0
    }
}