{
    "20180704-15:45:16": {
        "Items": {
            "7640129890101": 1,
            "8851228000233": 2
        },
        "Price": {
            "7640129890101": 20.0,
            "8851228000233": 20.0
        },
        "Total Price": 60.0
    },
    "20180704-15:46:28": {
        "Items": {
            "8851228000233": 2
        },
        "Price": {
            "8851228000233": 20.0
        },
        "Total Price": 40.0
    },
    "20180704-15:46:58": {
        "Items": {
            "8851228000233": 2,
            "8852086001028": 2
        },
        "Price": {
            "8851228000233": 20.0,
            "8852086001028": 30.0
        },
        "Total Price": 100.0
    },
    "20180704-17:46:56": {
        "Items": {
            "0000000000001": 1,
            "8851228000233": 1
        },
        "Price": {
            "0000000000001": 10.0,
            "8851228000233": 20.0
        },
        "Total Price": 30.0
    },
    "20180704-17:48:27": {
        "Items": {
            "7640129890101": 1,
            "8851228000233": 1,
            "8852086001028": 1
        },
        "Price": {
            "7640129890101": 20.0,
            "8851228000233": 20.0,
            "8852086001028": 30.0
        },
        "Total Price": 70.0
    },
    "20180704-17:50:09": {
        "Items": {
            "8851228000233": 2
        },
        "Price": {
            "8851228000233": 20.0
        },
        "Total Price": 40.0
    },
    "20180704-17:52:05": {
        "Items": {
            "8852086001028": 3
        },
        "Price": {
            "8852086001028": 30.0
        },
        "Total Price": 90.0
    }
}