{
    "20180630": {
        "Changed Price": {
            "20180630-14:21:37": {
                "Barcode": "8850006332146",
                "From": "20.00",
                "To": "15.00"
            },
            "20180630-14:27:33": {
                "Barcode": "8850006332146",
                "From": "15.00",
                "To": "20.00"
            },
            "20180630-14:32:06": {
                "Barcode": "8850006332146",
                "From": "20.00",
                "To": "15.00"
            }
        },
        "Current Stock": {
            "0000000000001": 100,
            "7640129890101": 292,
            "8850006332146": 129,
            "8851228000233": 91,
            "8852086001028": 97
        },
        "Daily Sales": 785.0,
        "Item Sales": {
            "7640129890101": 8,
            "8850006332146": 21,
            "8851228000233": 9,
            "8852086001028": 3
        },
        "Stock Adding": {
            "20180630-11:58:42": {
                "7640129890101": 200
            },
            "20180630-11:59:42": {
                "8850006332146": 50
            }
        }
    },
    "20180702": {
        "Changed Price": {
            "20180702-08:19:35": {
                "Barcode": "8850006332146",
                "From": "15.00",
                "To": "20.00"
            },
            "20180702-08:20:13": {
                "Barcode": "8850006332146",
                "From": "20.00",
                "To": "15.00"
            },
            "20180702-08:20:33": {
                "Barcode": "8850006332146",
                "From": "15.00",
                "To": "20.00"
            },
            "20180702-08:22:06": {
                "Barcode": "8850006332146",
                "From": "20.00",
                "To": "15.00"
            },
            "20180702-08:39:25": {
                "Barcode": "8850006332146",
                "From": "15.00",
                "To": "20.00"
            },
            "20180702-08:39:38": {
                "Barcode": "8850006332146",
                "From": "20.00",
                "To": "15.00"
            },
            "20180702-08:39:57": {
                "Barcode": "8850006332146",
                "From": "15.00",
                "To": "20.00"
            }
        },
        "Current Stock": {
            "0000000000001": 100,
            "0001": -1,
            "0002": -1,
            "7640129890101": 292,
            "8850006332146": 123,
            "8851228000233": 87,
            "8852086001028": 96
        },
        "Daily Sales": 220.0,
        "Item Sales": {
            "0000000000001": 0,
            "7640129890101": 0,
            "8850006332146": 6,
            "8851228000233": 4,
            "8852086001028": 1
        },
        "Stock Adding": {
            "20180702-14:58:42": {},
            "20180702-15:01:32": {},
            "20180702-15:03:46": {},
            "20180702-15:17:09": {
                "0001": 10
            },
            "20180702-15:32:28": {
                "0001": -10
            },
            "20180702-15:45:04": {
                "0001": 20
            },
            "20180702-15:49:18": {
                "0001": -20
            },
            "20180702-16:06:31": {
                "0002": 100
            },
            "20180702-16:06:54": {
                "0002": -100
            }
        }
    },
    "20180703": {
        "Changed Price": {},
        "Current Stock": {
            "0000000000001": 91,
            "0001": -1,
            "0002": -1,
            "7640129890101": 287,
            "8850006332146": 120,
            "8851228000233": 61,
            "8852086001028": 82
        },
        "Daily Sales": 1190.0,
        "Item Sales": {
            "0000000000001": 9,
            "7640129890101": 5,
            "8850006332146": 3,
            "8851228000233": 26,
            "8852086001028": 14
        },
        "Stock Adding": {}
    },
    "20180704": {
        "Changed Price": {},
        "Current Stock": {
            "0000000000001": 90,
            "0001": -1,
            "0002": -1,
            "7640129890101": 285,
            "8850006332146": 120,
            "8851228000233": 51,
            "8852086001028": 76
        },
        "Daily Sales": 430.0,
        "Item Sales": {
            "0000000000001": 1,
            "7640129890101": 2,
            "8851228000233": 10,
            "8852086001028": 6
        },
        "Stock Adding": {}
    },
    "20180705": {
        "Changed Price": {},
        "Current Stock": {
            "0000000000001": 87,
            "0001": -1,
            "0002": -1,
            "7640129890101": 280,
            "8850006332146": 118,
            "8851228000233": 136,
            "8852086001028": 69
        },
        "Daily Sales": 680.0,
        "Item Sales": {
            "0000000000001": 3,
            "7640129890101": 5,
            "8850006332146": 2,
            "8851228000233": 15,
            "8852086001028": 7
        },
        "Stock Adding": {
            "20180705-09:13:22": {
                "8851228000233": 100
            }
        }
    },
    "Drawer": {
        "20180703-10:13:06": {
            "Activity": "Deposit",
            "Money": 100.0
        },
        "20180703-10:13:12": {
            "Activity": "Withdraw",
            "Money": 500.0
        },
        "20180703-10:13:16": {
            "Activity": "Deposit",
            "Money": 400.0
        },
        "20180704-15:48:58": {
            "Activity": "Withdraw",
            "Money": 1000.0
        },
        "Money": 2300.0
    }
}